name,rgb
Dark Green,47;79;47
DarkGreen,0;100;0
dark green copper,74;118;110
DarkKhaki,189;183;107
DarkOliveGreen,85;107;47
DarkOliveGreen1,202;255;112
DarkOliveGreen2,188;238;104
DarkOliveGreen3,162;205;90
DarkOliveGreen4,110;139;61
olive,128;128;0
DarkSeaGreen,143;188;143
DarkSeaGreen1,193;255;193
DarkSeaGreen2,180;238;180
DarkSeaGreen3,155;205;155
DarkSeaGreen4,105;139;105
ForestGreen,34;139;34
GreenYellow,173;255;47
LawnGreen,124;252;0
LightSeaGreen,32;178;170
LimeGreen,50;205;50
MediumSeaGreen,60;179;113
MediumSpringGreen,0;250;154
MintCream,245;255;250
OliveDrab,107;142;35
OliveDrab1,192;255;62
OliveDrab2,179;238;58
OliveDrab3,154;205;50
OliveDrab4,105;139;34
PaleGreen,152;251;152
PaleGreen1,154;255;154
PaleGreen2,144;238;144
PaleGreen3,124;205;124
PaleGreen4,84;139;84
"SeaGreen, SeaGreen4",46;139;87
SeaGreen1,84;255;159
SeaGreen2,78;238;148
SeaGreen3,67;205;128
SpringGreen,0;255;127
SpringGreen1,0;255;127
SpringGreen2,0;238;118
SpringGreen3,0;205;102
SpringGreen4,0;139;69
YellowGreen,154;205;50
chartreuse,127;255;0
chartreuse1,127;255;0
chartreuse2,118;238;0
chartreuse3,102;205;0
chartreuse4,69;139;0
green,0;255;0
green,0;128;0
lime,0;255;0
green1,0;255;0
green2,0;238;0
green3,0;205;0
green4,0;139;0
khaki,240;230;140
khaki1,255;246;143
khaki2,238;230;133
khaki3,205;198;115
khaki4,139;134;78
Dark Olive Green,79;79;47
"Forest Green, Khaki, Medium Aquamarine",35;142;35
Medium Forest Green,219;219;112
Medium Sea Green,66;111;66
Medium Spring Green,127;255;0
Pale Green,143;188;143
Sea Green,35;142;104
Spring Green,0;255;127
Free Speech Green,9;249;17
Free Speech Aquamarine,2;157;116
